REPLACE INTO `roles` VALUES (1,'ADMIN');
REPLACE INTO `roles` VALUES (2,'USER');

--INSERT INTO `comment` (`commentid`, `reviewid`, `comment_text`, `timestamp`, `comment_username`) VALUES (20,19,'A collection of many Pixar shorts.A collection of many Pixar shorts.','2020-04-03 22:01:30','kikis'),(33,4,'Good gooD!','2020-04-03 23:51:42','MisterBig'),(41,5,'Bla bla bla it is','2020-04-03 23:57:31','Someone'),(47,39,'Fun','2020-04-03 23:59:36','Someone'),(49,4,'Yes it is !','2020-04-04 00:00:05','Someone'),(57,8,'man and his family ','2020-04-04 00:06:06','Rewiste'),(60,43,'man and his family ','2020-04-04 00:06:19','Rewiste'),(61,4,'man and his family ','2020-04-04 00:06:31','Rewiste'),(63,29,'man and his family ','2020-04-04 00:06:40','Rewiste'),(65,6,'man and his family ','2020-04-04 00:06:47','Rewiste'),(67,31,'man and his family ','2020-04-04 00:06:58','Rewiste'),(69,44,'man and his family ','2020-04-04 00:07:06','Rewiste'),(71,27,'man and his family ','2020-04-04 00:07:16','Rewiste'),(73,39,'man and his family ','2020-04-04 00:07:31','Rewiste'),(75,38,'man and his family ','2020-04-04 00:07:37','Rewiste'),(77,45,'man and his family ','2020-04-04 00:07:44','Rewiste'),(78,21,'man and his family ','2020-04-04 00:07:50','Rewiste'),(80,5,'man and his family ','2020-04-04 00:07:59','Rewiste'),(82,19,'man and his family ','2020-04-04 00:08:07','Rewiste'),(84,10,'man and his family ','2020-04-04 00:08:14','Rewiste'),(86,32,'man and his family ','2020-04-04 00:08:22','Rewiste'),(90,32,'Stephanie is a single mother\r\n','2020-04-04 00:09:57','MisterBig'),(91,53,'Stephanie is a single mother','2020-04-04 00:10:05','MisterBig'),(93,10,'Stephanie is a single mother','2020-04-04 00:10:13','MisterBig'),(95,19,'Stephanie is a single mother','2020-04-04 00:10:21','MisterBig'),(97,5,'Stephanie is a single mother','2020-04-04 00:10:30','MisterBig'),(98,21,'Stephanie is a single mother','2020-04-04 00:10:40','MisterBig'),(100,52,'Stephanie is a single mother','2020-04-04 00:10:48','MisterBig'),(102,45,'Stephanie is a single mother','2020-04-04 00:10:58','MisterBig'),(104,38,'Stephanie is a single mother','2020-04-04 00:11:04','MisterBig'),(106,31,'Stephanie is a single motherStephanie is a single mother','2020-04-04 00:11:12','MisterBig');
--INSERT INTO `confirmation_token` (`token_id`, `confirmation_token`, `created_date`, `user_id`) VALUES (14,'0d9269bc-388f-4ec0-9bb6-024ed820c4fa','2020-04-03 21:48:21',13),(16,'de1f2d1a-827a-46fe-822c-7d5c725c60af','2020-04-03 21:49:09',15),(17,'b91dabc1-10cf-435f-aede-947ee826eb13','2020-04-03 21:51:42',15);

--INSERT INTO `movie` (`imdbid`, `actors`, `awards`, `box_office`, `country`, `dvd`, `director`, `genre`, `language`, `plot`, `poster`, `production`, `rated`, `released`, `runtime`, `title`, `type`, `year`, `imdb_rating`) VALUES ('tt1442437','Ed O\'Neill, Sofía Vergara, Julie Bowen, Ty Burrell','Won 1 Golden Globe. Another 116 wins & 369 nominations.',NULL,'USA',NULL,'N/A','Comedy, Drama, Romance','English','Three different but related families face trials and tribulations in their own uniquely comedic ways.','https://m.media-amazon.com/images/M/MV5BNzRhNWIxYTEtYjc2NS00YWFlLWFhOGEtMDZiMWM1M2RkNDkyXkEyXkFqcGdeQXVyNjc0MjkzNjc@._V1_SX300.jpg',NULL,'TV-PG','23 Sep 2009','22 min','Modern Family','series','2009–2020','8.4'),('tt0099785','Macaulay Culkin, Joe Pesci, Daniel Stern, John Heard','Nominated for 2 Oscars. Another 11 wins & 4 nominations.','N/A','USA','05 Oct 1999','Chris Columbus','Comedy, Family','English','An eight-year-old troublemaker must protect his house from a pair of burglars when he is accidentally left home alone by his family during Christmas vacation.','https://m.media-amazon.com/images/M/MV5BMzFkM2YwOTQtYzk2Mi00N2VlLWE3NTItN2YwNDg1YmY0ZDNmXkEyXkFqcGdeQXVyMTMxODk2OTU@._V1_SX300.jpg','Twentieth Century Fox','PG','16 Nov 1990','103 min','Home Alone','movie','1990','7.6'),('tt1637688','Justin Timberlake, Olivia Wilde, Shyloh Oostwald, Johnny Galecki','2 nominations.','$35,900,000','USA','31 Jan 2012','Andrew Niccol','Action, Sci-Fi, Thriller','English','In a future where people stop aging at 25, but are engineered to live only one more year, having the means to buy your way out of the situation is a shot at immortal youth. Here, Will Salas finds himself accused of murder and on the run with a hostage - a connection that becomes an important part of the way against the system.','https://m.media-amazon.com/images/M/MV5BMjA3NzI1ODc1MV5BMl5BanBnXkFtZTcwMzI5NjQwNg@@._V1_SX300.jpg','20th Century Fox','PG-13','28 Oct 2011','109 min','In Time','movie','2011','6.7'),('tt0095468','Miroslaw Baka, Krzysztof Globisz, Jan Tesarz, Zbigniew Zapasiewicz','9 wins & 1 nomination.','N/A','Poland','11 May 2004','Krzysztof Kieslowski','Crime, Drama','Polish','The plot couldn\'t be simpler or its attack on capital punishment (and the act of killing in general) more direct - a senseless, violent, almost botched murder is followed by a cold, ...','https://m.media-amazon.com/images/M/MV5BMzZmNjVhYTAtMDhiMS00NjUwLWE1MTEtYzQzNzhkNGJiYzkyXkEyXkFqcGdeQXVyMTA2ODMzMDU@._V1_SX300.jpg','N/A','Not Rated','11 Aug 1995','84 min','A Short Film About Killing','movie','1988','8.1'),('tt0083320','Armin Mueller-Stahl, Beatrice Kessler, Melanie Tressler, Mathias Eysen','2 wins.','N/A','West Germany','N/A','Niklaus Schilling','Romance, Thriller','German','N/A','https://m.media-amazon.com/images/M/MV5BMTQ2NzExMTA1MV5BMl5BanBnXkFtZTcwODM1MjA1Mw@@._V1_SX300.jpg','N/A','N/A','01 Oct 1982','104 min','The Lite Trap','movie','1982','6.5'),('tt3470600','Matthew McConaughey, Reese Witherspoon, Seth MacFarlane, Scarlett Johansson','Nominated for 2 Golden Globes. Another 3 wins & 23 nominations.','$270,322,940','Japan, USA','21 Mar 2017','Garth Jennings','Animation, Comedy, Family, Musical','English, Japanese, Ukrainian','In a city of humanoid animals, a hustling theater impresario\'s attempt to save his theater with a singing competition becomes grander than he anticipates even as its finalists find that their lives will never be the same.','https://m.media-amazon.com/images/M/MV5BMTYzODYzODU2Ml5BMl5BanBnXkFtZTgwNTc1MTA2NzE@._V1_SX300.jpg','Illumination Entertainment','PG','21 Dec 2016','108 min','Sing','movie','2016','7.1'),('tt0119116','Bruce Willis, Gary Oldman, Ian Holm, Milla Jovovich','Nominated for 1 Oscar. Another 10 wins & 38 nominations.','N/A','France, UK, USA','09 Dec 1997','Luc Besson','Action, Adventure, Sci-Fi','English, Swedish, German, Arabic, Egyptian (Ancient)','In the colorful future, a cab driver unwittingly becomes the central figure in the search for a legendary cosmic weapon to keep Evil and Mr. Zorg at bay.','https://m.media-amazon.com/images/M/MV5BZWFjYmZmZGQtYzg4YS00ZGE5LTgwYzAtZmQwZjQ2NDliMGVmXkEyXkFqcGdeQXVyNTUyMzE4Mzg@._V1_SX300.jpg','Sony Pictures Home Entertainment','PG-13','09 May 1997','126 min','The Fifth Element','movie','1997','7.7'),('tt0119345','Jennifer Love Hewitt, Sarah Michelle Gellar, Ryan Phillippe, Freddie Prinze Jr.','3 wins & 7 nominations.','N/A','USA','07 Aug 2001','Jim Gillespie','Horror, Mystery','English','Four young friends bound by a tragic accident are reunited when they find themselves being stalked by a hook-wielding maniac in their small seaside town.','https://m.media-amazon.com/images/M/MV5BZDI4ODJlNGUtNjFiMy00ODgzLWIzYjgtMzgyZTljZDQ2NGZiXkEyXkFqcGdeQXVyMTQxNzMzNDI@._V1_SX300.jpg','Sony Pictures Home Entertainment','R','17 Oct 1997','101 min','I Know What You Did Last Summer','movie','1997','5.7'),('tt0102960','Tim Matheson, Brooke Adams, Robert Rusler, Chris Demetral','1 nomination.','N/A','USA','01 Oct 1999','Tom McLoughlin','Drama, Horror, Thriller','English','A man and his family return to his hometown, where he is then harassed by teenagers that died when he was a kid.','https://m.media-amazon.com/images/M/MV5BZmIyYTJiYzItMWY1MS00MWQyLTg5NmMtZTkyMjFjODFmY2YxXkEyXkFqcGdeQXVyMTQxNzMzNDI@._V1_SX300.jpg','MGM','R','07 May 1991','97 min','Sometimes They Come Back','movie','1991','5.8'),('tt7131622','Leonardo DiCaprio, Brad Pitt, Margot Robbie, Emile Hirsch','Won 2 Oscars. Another 121 wins & 329 nominations.','N/A','USA, UK, China','22 Nov 2019','Quentin Tarantino','Comedy, Drama','English, German, Italian, Spanish','A faded television actor and his stunt double strive to achieve fame and success in the film industry during the final years of Hollywood\'s Golden Age in 1969 Los Angeles.','https://m.media-amazon.com/images/M/MV5BOTg4ZTNkZmUtMzNlZi00YmFjLTk1MmUtNWQwNTM0YjcyNTNkXkEyXkFqcGdeQXVyNjg2NjQwMDQ@._V1_SX300.jpg','Columbia Pictures','R','26 Jul 2019','161 min','Once Upon a Time... in Hollywood','movie','2019','7.7'),('tt0452694','Michelle Nolden, Alex Ferris, Arliss Howard, Eric Bana','1 win & 5 nominations.','$63,387,284','USA','09 Feb 2010','Robert Schwentke','Drama, Fantasy, Romance, Sci-Fi','English','A Chicago librarian has a gene that causes him to involuntarily time travel, creating complications in his marriage.','https://m.media-amazon.com/images/M/MV5BZWNlN2RmZDktNzllNC00NDVlLTllMzgtZGQ1YmRmZThmZjZmXkEyXkFqcGdeQXVyNTA4NzY1MzY@._V1_SX300.jpg','Warner Bros. Pictures','PG-13','14 Aug 2009','107 min','The Time Traveler\'s Wife','movie','2009','7.1'),('tt1352852','Reggie Watts, Mike Bonanno, Andy Bichlbaum, Richard Ebeling','2 wins & 2 nominations.','N/A','France, UK, USA','01 Apr 2010','Andy Bichlbaum, Mike Bonanno, Kurt Engfehr(co-director)','Documentary, Comedy','English','Troublemaking duo Andy Bichlbaum and Mike Bonanno, posing as their industrious alter-egos, expose the people profiting from Hurricane Katrina, the faces behind the environmental disaster in Bhopal, and other shocking events.','https://m.media-amazon.com/images/M/MV5BMTM0MzM2MjU0N15BMl5BanBnXkFtZTcwMDIyMDcxMw@@._V1_SX300.jpg','Cinetic Media','N/A','07 Aug 2009','87 min','The Yes Men Fix the World','movie','2009','7.6'),('tt4439852','N/A','N/A','N/A','USA','N/A','John Lasseter','Animation, Comedy, Family, Fantasy, Sci-Fi','English','A collection of many Pixar shorts.','https://m.media-amazon.com/images/M/MV5BM2Q4YjRkOTktYTQ1Mi00OWRiLWI4MTctMGM3YTI3OTc4ZmY5XkEyXkFqcGdeQXVyNjA0Mzc0MzI@._V1_SX300.jpg','N/A','G','04 Oct 2007','55 min','Pixar Short Films Collection 1','movie','2007','8.1'),('tt7401588','Mark Wahlberg, Rose Byrne, Isabela Merced, Gustavo Escobar','2 wins & 5 nominations.','N/A','USA','19 Feb 2019','Sean Anders','Comedy, Drama','English, Spanish','A couple find themselves in over their heads when they foster three children.','https://m.media-amazon.com/images/M/MV5BMTkzMzgzMTc1OF5BMl5BanBnXkFtZTgwNjQ4MzE0NjM@._V1_SX300.jpg','Paramount Pictures','PG-13','16 Nov 2018','118 min','Instant Family','movie','2018','7.3'),('tt0278815','Willi Thomczyk, Ralf Richter, Hilmi Sözer, Peter Thorwarth','N/A','N/A','Germany','N/A','Peter Thorwarth','Comedy','German, Polish, Turkish','A group of rather slap dash builders are rather imaginative at solving what problems come their way. Whatever it is that doesn\'t fit the picture, it will be made fit in no time. This ...','https://m.media-amazon.com/images/M/MV5BMTU2ODIxOTcyMV5BMl5BanBnXkFtZTcwMzI2NjUxMQ@@._V1_SX300.jpg','N/A','N/A','07 Mar 2002','101 min','If It Don\'t Fit, Use a Bigger Hammer','movie','2002','6.6'),('tt0108147','Whoopi Goldberg, Kathy Najimy, Barnard Hughes, Mary Wickes','1 win & 3 nominations.','N/A','USA','20 Feb 2001','Bill Duke','Comedy, Family, Music','English','Showgirl Deloris Van Cartier (Whoopi Goldberg) returns as Sister Mary Clarence to teach music to a group of Catholic students whose run-down school is slated for closure.','https://m.media-amazon.com/images/M/MV5BMmM0YjY5YjctYzljMy00ODcxLWI3ZDItMmE1MGU5YTI5MzI3XkEyXkFqcGdeQXVyMjA0MzYwMDY@._V1_SX300.jpg','Buena Vista','PG','10 Dec 1993','107 min','Sister Act 2: Back in the Habit','movie','1993','5.6'),('tt0116277','Robert De Niro, Wesley Snipes, Ellen Barkin, John Leguizamo','1 win & 3 nominations.','N/A','USA','09 Dec 1997','Tony Scott','Action, Drama, Sport, Thriller','English, Spanish','An all star baseball player becomes the unhealthy focus of a down on his luck salesman.','https://m.media-amazon.com/images/M/MV5BNjFlN2VjNjYtZDdjOS00ZGI3LTg1MWQtZTBhNmRjNDFiZDE3XkEyXkFqcGdeQXVyMTQxNzMzNDI@._V1_SX300.jpg','Sony Pictures Home Entertainment','R','16 Aug 1996','116 min','The Fan','movie','1996','5.9'),('tt0903021','Ugur Polat, Selma Ergeç, Ayten Uncuoglu, Kemal Bekir','3 wins & 1 nomination.','N/A','Turkey','N/A','Turgut Yasalar','Adventure, Drama, Mystery','Turkish','Fog and the Night is the search of an investigator who has lost his confidence in his organization and whose happy\"family father\" order has been disrupted by his young lover.And introverted...','https://m.media-amazon.com/images/M/MV5BZDNiNjE1Y2MtZjQwNy00YWQ3LWIyNjEtMmNiOTdlZThkY2M2XkEyXkFqcGdeQXVyMjExNjgyMTc@._V1_SX300.jpg','N/A','N/A','23 Feb 2007','90 min','Sis ve Gece','movie','2007','7.0'),('tt0120586','Edward Norton, Edward Furlong, Beverly D\'Angelo, Jennifer Lien','Nominated for 1 Oscar. Another 4 wins & 13 nominations.','N/A','USA','06 Apr 1999','Tony Kaye','Drama','English','A former neo-nazi skinhead tries to prevent his younger brother from going down the same wrong path that he did.','https://m.media-amazon.com/images/M/MV5BZjA0MTM4MTQtNzY5MC00NzY3LWI1ZTgtYzcxMjkyMzU4MDZiXkEyXkFqcGdeQXVyNDYyMDk5MTU@._V1_SX300.jpg','New Line Cinema','R','20 Nov 1998','119 min','American History X','movie','1998','8.5'),('tt7040874','Anna Kendrick, Ian Ho, Joshua Satine, Glenda Braganza','3 wins & 4 nominations.','N/A','Canada, USA','18 Dec 2018','Paul Feig','Comedy, Crime, Drama, Mystery, Thriller','English','Stephanie is a single mother with a parenting vlog who befriends Emily, a secretive upper-class woman who has a child at the same elementary school. When Emily goes missing, Stephanie takes it upon herself to investigate.','https://m.media-amazon.com/images/M/MV5BZjFiMGNiNmItMzNiNi00Mjc1LTg1N2YtNWE2NTE5N2VlZTQ3XkEyXkFqcGdeQXVyMTMxODk2OTU@._V1_SX300.jpg','Lionsgate','R','14 Sep 2018','117 min','A Simple Favor','movie','2018','6.8'),('tt1232266','Will Arnett, Jason Bateman, Kristin Chenoweth, Will Forte','1 nomination.',NULL,'USA',NULL,'N/A','Animation, Comedy','English','The teachers of a slightly poor and non-distinguished school and their random, day-to-day problems.','https://m.media-amazon.com/images/M/MV5BZWNhYThjZWItNjVmZC00YTFiLWFkOTEtNTJiZjIyYjEzMTMwXkEyXkFqcGdeQXVyNjExODE1MDc@._V1_SX300.jpg',NULL,'N/A','N/A','30 min','Sit Down Shut Up','series','2009','6.1'),('tt0986264','Darsheel Safary, Aamir Khan, Tisca Chopra, Vipin Sharma','23 wins & 13 nominations.','$1,204,660','India','12 Jan 2010','Aamir Khan, Amole Gupte','Drama, Family','Hindi, English','An eight-year-old boy is thought to be a lazy trouble-maker, until the new art teacher has the patience and compassion to discover the real problem behind his struggles in school.','https://m.media-amazon.com/images/M/MV5BNTVmYTk2NjAtYzY3MS00YjFjLTlkYzktYzg3YzMyZDQyOWRiXkEyXkFqcGdeQXVyNjQ2MjQ5NzM@._V1_SX300.jpg','UTV Communications','PG','21 Dec 2007','165 min','Like Stars on Earth','movie','2007','8.4'),('tt0232500','Paul Walker, Vin Diesel, Michelle Rodriguez, Jordana Brewster','11 wins & 12 nominations.','$142,542,950','USA, Germany','01 Jan 2002','Rob Cohen','Action, Crime, Thriller','English, Spanish','Los Angeles police officer Brian O\'Conner must decide where his loyalty really lies when he becomes enamored with the street racing world he has been sent undercover to destroy.','https://m.media-amazon.com/images/M/MV5BNzlkNzVjMDMtOTdhZC00MGE1LTkxODctMzFmMjkwZmMxZjFhXkEyXkFqcGdeQXVyNjU0OTQ0OTY@._V1_SX300.jpg','Universal Pictures','PG-13','22 Jun 2001','106 min','The Fast and the Furious','movie','2001','6.8'),('tt1905041','Vin Diesel, Paul Walker, Dwayne Johnson, Jordana Brewster','10 wins & 22 nominations.','$238,700,000','USA, Japan, Spain, UK','10 Dec 2013','Justin Lin','Action, Adventure, Thriller','English, Spanish, Russian, Japanese, Cantonese, Dutch','Hobbs has Dominic and Brian reassemble their crew to take down a team of mercenaries: Dominic unexpectedly gets sidetracked with facing his presumed deceased girlfriend, Letty.','https://m.media-amazon.com/images/M/MV5BMTM3NTg2NDQzOF5BMl5BanBnXkFtZTcwNjc2NzQzOQ@@._V1_SX300.jpg','Universal Pictures','PG-13','24 May 2013','130 min','Fast & Furious 6','movie','2013','7.1'),('tt1596343','Vin Diesel, Paul Walker, Jordana Brewster, Tyrese Gibson','9 wins & 21 nominations.','$209,805,005','USA','04 Oct 2011','Justin Lin','Action, Adventure, Thriller','English, Portuguese, Spanish, Italian, French','Dominic Toretto and his crew of street racers plan a massive heist to buy their freedom while in the sights of a powerful Brazilian drug lord and a dangerous federal agent.','https://m.media-amazon.com/images/M/MV5BMTUxNTk5MTE0OF5BMl5BanBnXkFtZTcwMjA2NzY3NA@@._V1_SX300.jpg','Universal Pictures','PG-13','29 Apr 2011','130 min','Fast Five','movie','2011','7.3'),('tt1227537','Nancy Cartwright, Dan Castellaneta, Julie Kavner, Yeardley Smith','N/A','N/A','USA','N/A','Mike B. Anderson, John Rice','Animation, Short','English','Springfield\'s theme park Krustyland, run by Krusty the Clown, is opening it\'s newest roller coaster, the upsy-downsy spins-aroundsy teen-operated thrill ride is opening, and in this ...','https://m.media-amazon.com/images/M/MV5BN2RhMTcxNDQtM2NiZC00OTc0LWFhNGMtNWI4YjMwOWRlOGZhXkEyXkFqcGdeQXVyNTM4NDU4NDA@._V1_SX300.jpg','N/A','PG','15 May 2008','5 min','The Simpsons Ride','movie','2008','8.0'),('tt0042249','Montgomery Clift, Paul Douglas, Cornell Borchers, Bruni Löbel','N/A','N/A','USA','25 Jan 2000','George Seaton','Drama, War','English, German','Experiences of two Air Force sergeants during the 1948 Berlin Airlift.','https://m.media-amazon.com/images/M/MV5BZjM0ODdjZGItMjUyZS00OWY5LThiNmUtMjY4NWJiOWM5YWNkXkEyXkFqcGdeQXVyMTk2MzI2Ng@@._V1_SX300.jpg','American Pop Classics','Approved','20 Jul 1950','120 min','The Big Lift','movie','1950','6.5'),('tt0096697','Dan Castellaneta, Nancy Cartwright, Harry Shearer, Julie Kavner','Nominated for 1 Golden Globe. Another 168 wins & 302 nominations.',NULL,'USA',NULL,'N/A','Animation, Comedy','English, Spanish, Albanian, French, Japanese, German, Russian, Hindi, Swahili, Italian, Swedish, Turkish, Cantonese, Mandarin, Hebrew, Arabic, Klingon, Bengali, Czech','The satiric adventures of a working-class family in the misfit city of Springfield.','https://m.media-amazon.com/images/M/MV5BYjFkMTlkYWUtZWFhNy00M2FmLThiOTYtYTRiYjVlZWYxNmJkXkEyXkFqcGdeQXVyNTAyODkwOQ@@._V1_SX300.jpg',NULL,'TV-PG','17 Dec 1989','22 min','The Simpsons','series','1989–','8.7'),('tt0462538','Dan Castellaneta, Julie Kavner, Nancy Cartwright, Yeardley Smith','Nominated for 1 Golden Globe. Another 5 wins & 33 nominations.','$183,100,000','USA','18 Dec 2007','David Silverman','Animation, Adventure, Comedy','English','After Homer deliberately pollutes the town\'s water supply, Springfield is encased in a gigantic dome by the EPA and the family are declared fugitives.','https://m.media-amazon.com/images/M/MV5BMTgxMDczMTA5N15BMl5BanBnXkFtZTcwMzk1MzMzMw@@._V1_SX300.jpg','20th Century Fox','PG-13','27 Jul 2007','87 min','The Simpsons Movie','movie','2007','7.3'),('tt0296852','Nancy Cartwright, Dan Castellaneta, Julie Kavner, Yeardley Smith','N/A','N/A','Japan','N/A','N/A','Action, Comedy, Fantasy','English','Smithers kidnaps Maggie so Homer, Marge, Bart and Lisa set off across Springfield, from Krustyland to Moe\'s Tavern, to Channel 6 and finally to the power plant to take on Smithers and Mr. ...','https://m.media-amazon.com/images/M/MV5BMTQ4MjkzNTU1NV5BMl5BanBnXkFtZTcwMzE1MzQ0MQ@@._V1_SX300.jpg','N/A','N/A','04 Apr 1991','N/A','The Simpsons','game','1991','8.4');
--INSERT INTO `rating` (`ratingid`, `rated_by_user`, `review_id`, `value`) VALUES (34,22,4,7),(35,22,5,8),(36,22,7,8),(40,37,7,3),(42,37,5,8),(46,37,21,9),(48,37,27,6),(56,50,45,9),(58,50,8,10),(59,50,43,9),(62,50,4,5),(64,50,29,2),(66,50,6,6),(68,50,31,0),(70,50,44,9),(72,50,27,0),(74,50,39,8),(76,50,38,7),(79,50,21,9),(81,50,5,5),(83,50,19,5),(85,50,10,5),(87,50,32,6),(88,22,54,8),(89,22,51,9),(92,22,53,9),(94,22,10,5),(96,22,19,10),(99,22,21,10),(101,22,52,9),(103,22,45,10),(105,22,38,10);
--INSERT INTO `review` (`reviewid`, `movieid`, `movie_picture`, `movie_title`, `review_rating`, `review_text`, `review_title`, `user_id`, `user_rating_for_movie`, `username`) VALUES (21,'tt7401588','https://m.media-amazon.com/images/M/MV5BMTkzMzgzMTc1OF5BMl5BanBnXkFtZTgwNjQ4MzE0NjM@._V1_SX300.jpg','Instant Family',9,'A couple find themselves in over their heads when they foster three children.A couple find themselves in over their heads when they foster three children.A couple find themselves in over their heads when they foster three children.','Oouple find',1,5,'kikis'),(44,'tt1905041','https://m.media-amazon.com/images/M/MV5BMTM3NTg2NDQzOF5BMl5BanBnXkFtZTcwNjc2NzQzOQ@@._V1_SX300.jpg','Fast & Furious 6',9,'Hobbs has Dominic and Brian reassemble their crew to take down a team of mercenaries: Dominic unexpectedly gets sidetracked with facing his presumed deceased girlfriend, Letty.','Hobbs has Dominic',37,7,'Someone'),(39,'tt0986264','https://m.media-amazon.com/images/M/MV5BNTVmYTk2NjAtYzY3MS00YjFjLTlkYzktYzg3YzMyZDQyOWRiXkEyXkFqcGdeQXVyNjQ2MjQ5NzM@._V1_SX300.jpg','Like Stars on Earth',8,'An eight-year-old boy is thought to be a lazy trouble-maker, until the new art teacher has the patience and compassion to discover the real problem behind his struggles in school.','Yhought to be',37,6,'Someone'),(4,'tt0083320','https://m.media-amazon.com/images/M/MV5BMTQ2NzExMTA1MV5BMl5BanBnXkFtZTcwODM1MjA1Mw@@._V1_SX300.jpg','The Lite Trap',6,'Armin Mueller-Stahl, Beatrice Kessler, Melanie Tressler, Mathias EysenArmin Mueller-Stahl, Beatrice Kessler, Melanie Tressler, Mathias EysenArmin Mueller-Stahl, Beatrice Kessler, Melanie Tressler, Mathias Eysen','EysenArmin Muelle',1,9,'kikis'),(5,'tt3470600','https://m.media-amazon.com/images/M/MV5BMTYzODYzODU2Ml5BMl5BanBnXkFtZTgwNTc1MTA2NzE@._V1_SX300.jpg','Sing',7,'In a city of humanoid animals, a hustling theater impresario\'s attempt to save his theater with a singing competition becomes grander than he anticipates even as its finalists find that their lives will never be the same.','humanoid animals',1,5,'kikis'),(6,'tt0119116','https://m.media-amazon.com/images/M/MV5BZWFjYmZmZGQtYzg4YS00ZGE5LTgwYzAtZmQwZjQ2NDliMGVmXkEyXkFqcGdeQXVyNTUyMzE4Mzg@._V1_SX300.jpg','The Fifth Element',6,'In the colorful future, a cab driver unwittingly becomes the central figure in the search for a legendary cosmic weapon to keep Evil and Mr. Zorg at bay.','In the colorful future',1,8,'kikis'),(7,'tt0119345','https://m.media-amazon.com/images/M/MV5BZDI4ODJlNGUtNjFiMy00ODgzLWIzYjgtMzgyZTljZDQ2NGZiXkEyXkFqcGdeQXVyMTQxNzMzNDI@._V1_SX300.jpg','I Know What You Did Last Summer',5,'our young friends bound by a tragic accident are reunited when they find themselves being stalked by a hook-wielding maniac in their small seaside town.',' tragic accident',1,10,'kikis'),(8,'tt0102960','https://m.media-amazon.com/images/M/MV5BZmIyYTJiYzItMWY1MS00MWQyLTg5NmMtZTkyMjFjODFmY2YxXkEyXkFqcGdeQXVyMTQxNzMzNDI@._V1_SX300.jpg','Sometimes They Come Back',10,'A man and his family return to his hometown, where he is then harassed by teenagers that died when he was a kid.','where he is then',1,10,'kikis'),(10,'tt0452694','https://m.media-amazon.com/images/M/MV5BZWNlN2RmZDktNzllNC00NDVlLTllMzgtZGQ1YmRmZThmZjZmXkEyXkFqcGdeQXVyNTA4NzY1MzY@._V1_SX300.jpg','The Time Traveler\'s Wife',5,'A Chicago librarian has a gene that causes him to involuntarily time travel, creating complications in his marriage.','librarian has',1,4,'kikis'),(43,'tt0232500','https://m.media-amazon.com/images/M/MV5BNzlkNzVjMDMtOTdhZC00MGE1LTkxODctMzFmMjkwZmMxZjFhXkEyXkFqcGdeQXVyNjU0OTQ0OTY@._V1_SX300.jpg','The Fast and the Furious',9,'Los Angeles police officer Brian O\'Conner must decide where his loyalty really lies when he becomes enamored with the street racing world he has been sent undercover to destroy.','Sstreet racing',37,10,'Someone'),(19,'tt4439852','https://m.media-amazon.com/images/M/MV5BM2Q4YjRkOTktYTQ1Mi00OWRiLWI4MTctMGM3YTI3OTc4ZmY5XkEyXkFqcGdeQXVyNjA0Mzc0MzI@._V1_SX300.jpg','Pixar Short Films Collection 1',7,'A collection of many Pixar shorts.A collection of many Pixar shorts.A collection of many Pixar shorts.A collection of many Pixar shorts.A collection of many Pixar shorts.A collection of many Pixar shorts.A collection of many Pixar shorts.','Many Pixar shorts.',1,5,'kikis'),(27,'tt0108147','https://m.media-amazon.com/images/M/MV5BMmM0YjY5YjctYzljMy00ODcxLWI3ZDItMmE1MGU5YTI5MzI3XkEyXkFqcGdeQXVyMjA0MzYwMDY@._V1_SX300.jpg','Sister Act 2: Back in the Habit',3,'Showgirl Deloris Van Cartier (Whoopi Goldberg) returns as Sister Mary Clarence to teach music to a group of Catholic students whose run-down school is slated for closure.','Whoopi Goldberg',22,7,'MisterBig'),(29,'tt0903021','https://m.media-amazon.com/images/M/MV5BZDNiNjE1Y2MtZjQwNy00YWQ3LWIyNjEtMmNiOTdlZThkY2M2XkEyXkFqcGdeQXVyMjExNjgyMTc@._V1_SX300.jpg','Sis ve Gece',2,'Fog and the Night is the search of an investigator who has lost his confidence in his organization and whose happy\"family father\" order has been disrupted by his young lover.And introverted...','Dyoung lover',22,9,'MisterBig'),(38,'tt1232266','https://m.media-amazon.com/images/M/MV5BZWNhYThjZWItNjVmZC00YTFiLWFkOTEtNTJiZjIyYjEzMTMwXkEyXkFqcGdeQXVyNjExODE1MDc@._V1_SX300.jpg','Sit Down Shut Up',8,'The teachers of a slightly poor and non-distinguished school and their random, day-to-day problems.The teachers of a slightly poor and non-distinguished school and their random, day-to-day problems.','Something new',37,6,'Someone'),(31,'tt0120586','https://m.media-amazon.com/images/M/MV5BZjA0MTM4MTQtNzY5MC00NzY3LWI1ZTgtYzcxMjkyMzU4MDZiXkEyXkFqcGdeQXVyNDYyMDk5MTU@._V1_SX300.jpg','American History X',0,'A former neo-nazi skinhead tries to prevent his younger brother from going down the same wrong path that he did.','Skinhead tries',22,8,'MisterBig'),(32,'tt7040874','https://m.media-amazon.com/images/M/MV5BZjFiMGNiNmItMzNiNi00Mjc1LTg1N2YtNWE2NTE5N2VlZTQ3XkEyXkFqcGdeQXVyMTMxODk2OTU@._V1_SX300.jpg','A Simple Favor',6,'Stephanie is a single mother with a parenting vlog who befriends Emily, a secretive upper-class woman who has a child at the same elementary school. When Emily goes missing, Stephanie takes it upon herself to investigate.','Eelementary school.',22,2,'MisterBig'),(45,'tt1596343','https://m.media-amazon.com/images/M/MV5BMTUxNTk5MTE0OF5BMl5BanBnXkFtZTcwMjA2NzY3NA@@._V1_SX300.jpg','Fast Five',9,'Dominic Toretto and his crew of street racers plan a massive heist to buy their freedom while in the sights of a powerful Brazilian drug lord and a dangerous federal agent.','Brazilian drug',37,6,'Someone'),(51,'tt1227537','https://m.media-amazon.com/images/M/MV5BN2RhMTcxNDQtM2NiZC00OTc0LWFhNGMtNWI4YjMwOWRlOGZhXkEyXkFqcGdeQXVyNTM4NDU4NDA@._V1_SX300.jpg','The Simpsons Ride',9,'Springfield\'s theme park Krustyland, run by Krusty the Clown, is opening it\'s newest roller coaster, the upsy-downsy spins-aroundsy teen-operated thrill ride is opening, and in this ...','Tpark Krustyland',50,2,'Rewiste'),(52,'tt0042249','https://m.media-amazon.com/images/M/MV5BZjM0ODdjZGItMjUyZS00OWY5LThiNmUtMjY4NWJiOWM5YWNkXkEyXkFqcGdeQXVyMTk2MzI2Ng@@._V1_SX300.jpg','The Big Lift',9,'Experiences of two Air Force sergeants during the 1948 Berlin Airlift.Experiences of two Air Force sergeants during the 1948 Berlin Airlift.Experiences of two Air Force sergeants during the 1948 Berlin Airlift.','Airlift.Experiences',50,6,'Rewiste'),(53,'tt0096697','https://m.media-amazon.com/images/M/MV5BYjFkMTlkYWUtZWFhNy00M2FmLThiOTYtYTRiYjVlZWYxNmJkXkEyXkFqcGdeQXVyNTAyODkwOQ@@._V1_SX300.jpg','The Simpsons',9,'The satiric adventures of a working-class family in the misfit city of SpringfieldThe satiric adventures of a working-class family in the misfit city of Springfield','the misfit city o',50,4,'Rewiste'),(54,'tt0462538','https://m.media-amazon.com/images/M/MV5BMTgxMDczMTA5N15BMl5BanBnXkFtZTcwMzk1MzMzMw@@._V1_SX300.jpg','The Simpsons Movie',8,'After Homer deliberately pollutes the town\'s water supply, Springfield is encased in a gigantic dome by the EPA and the family are declared fugitives.','water supply',50,10,'Rewiste');

--INSERT INTO `user_role` (`user_id`, `role_id`) VALUES (1,2),(11,2),(12,2),(13,2),(15,2),(22,2),(37,2),(50,2);
--INSERT INTO `users` (`user_id`, `active`, `email`, `last_name`, `name`, `password`, `profile_iconurl`, `user_name`) VALUES (1,_binary '','kikis@kikis.lv','kikis','kikimons','{bcrypt}$2a$10$VM4z9w3ryT3JiRmg6wtK5eeX71CBytAFP8N.491v57IWbFCzH1udG','/static/img/500px-brands.svg','kikis'),(11,_binary '','Minko@Minko.lo','Minko','Minko','{bcrypt}$2a$10$bLeHcWFENuyV0NFTb9AFkO7MErIFuhlCO5yBJoXVK6TFXnVQNCWWy','/static/img/500px-brands.svg','Minko'),(12,_binary '','Niles@Niles.lp','Niles','Niles','{bcrypt}$2a$10$2oZ.4XK8aWXFXyi1K4NxKOzE5QtdQYZqAlZMtgYm0v8RvW8jCG3/S','/static/img/500px-brands.svg','Niles'),(13,_binary '','smith@smith.po','smith','smith','{bcrypt}$2a$10$qrIoy5qnCrgVED83QwADPeyR.w4BvQ/YhHAvSA2dtPzcqNv8gygse','/static/img/500px-brands.svg','smith'),(15,_binary '','kikis@kikis.com','kikis','kikis','{bcrypt}$2a$10$.IMnc9Frnd4qsFxDwzn.gu19pL80myIrML47sbDSh9FJxX5BTIlDa','/static/img/500px-brands.svg','kikimons'),(22,_binary '','MisterBig@MisterBig.com','MisterBig','MisterBig','{bcrypt}$2a$10$JutSzjlqbxymWoYlYPKsBeBkQY/qskqcqwW3bYfhsPx1yS.9CTSk2','/static/img/500px-brands.svg','MisterBig'),(37,_binary '','Someone@Someone.pl','Someone','Someone','{bcrypt}$2a$10$sa61KfOzbfLfzyQt.N67auRwU1KIzTkV4jLocXBUcIbAtfw55/za.','/static/img/500px-brands.svg','Someone'),(50,_binary '','Rewiste@Rewiste.com','Rewiste','Rewiste','{bcrypt}$2a$10$Wi2POV2sW4KCV0KMxIwJguvryDL89tAozc35iTRrYvIGA8UTOEVtm','/static/img/500px-brands.svg','Rewiste');
